Categoria;Código do Elemento de Despesa;Unidade;TIPO;Item de Despesa Padronizado
curso_outros;33.90.39;unidade;finalística;Almoço para participantes
curso_outros;33.90.30, 33.90.39;unidade;finalística;Apostila
curso_outros;33.90.39;hora;finalística;Assessoria especializada
curso_outros;33.90.30, 33.90.39;unidade;finalística;Camiseta
curso_outros;33.90.30, 33.90.39;unidade;finalística;Certificado
curso_outros;33.90.39, 33.90.48;hora;finalística;Instrutor
curso_outros;33.90.39;unidade;finalística;Lanche
curso_outros;33.90.39;hora;finalística;Mentor
curso_outros;33.90.39, 33.90.48;hora;finalística;Monitor
curso_outros;33.90.39;hora;finalística;Palestrante
curso_outros;33.90.39;unidade;finalística;Transporte
curso_outros;33.90.39;unidade;finalística;Uniforme
epi;33.90.39;unidade;finalística;Álcool líquido 70%
epi;33.90.39;unidade;finalística;Álcool em gel 70%
epi;00.00.00;unidade;finalística;Apito
epi;00.00.00, 33.90.39;unidade;finalística;Avental
epi;33.90.39;unidade;finalística;Avental de raspa para soldagem
epi;00.00.00, 33.90.39;unidade;finalística;Avental descartável
epi;33.90.39, 00.00.00;unidade;finalística;Avental de PVC
epi;33.90.39, 33.90.39, 33.90.40;unidade;finalística;Bota de segurança
epi;00.00.00, 33.90.39;unidade;finalística;Bota de borracha
epi;33.90.39;unidade;finalística;Bota dielétrica
epi;00.00.00;unidade;finalística;Luva descartável sem pó
epi;33.90.39;unidade;finalística;Calça para atividades práticas
epi;33.90.39;unidade;finalística;Camisa manga longa
epi;33.90.39;unidade;finalística;Caneleira
epi;33.90.39, 00.00.00, 33.90.39;unidade;finalística;Capacete de segurança
epi;33.90.39;unidade;finalística;Capacete de segurança classe b
epi;00.00.00;unidade;finalística;Protetor solar para cabeça
epi;33.90.39;unidade;finalística;Chuteira
epi;33.90.39, 00.00.00;unidade;finalística;Cinturão de segurança tipo paraquedista
epi;00.00.00;unidade;finalística;Colete de identificação
epi;33.90.39;unidade;finalística;Coletor para perfurocortantes
epi;00.00.00;unidade;finalística;Cone de sinalização
epi;00.00.00;unidade;finalística;Crachá com cordão
epi;00.00.00, 33.90.39;unidade;finalística;Detergente neutro
epi;00.00.00;unidade;finalística;Extintor de incêndio
epi;33.90.39;unidade;finalística;Kit de facas profissionais
epi;00.00.00;unidade;finalística;Fita de sinalização
epi;00.00.00;unidade;finalística;Garrafa ou copo reutilizável
epi;00.00.00;unidade;finalística;Insumo para plantio e reflorestamento
epi;33.90.39;unidade;finalística;Jaleco ou colete de cozinha
epi;33.90.39;unidade;finalística;Joelheira
epi;33.90.39;unidade;finalística;Kit de primeiros socorros
epi;33.90.39;unidade;finalística;Kit de higiene
epi;00.00.00;unidade;finalística;Lanterna
epi;33.90.39;unidade;finalística;Luva de cobertura
epi;33.90.39;unidade;finalística;Luva isolante para eletricista
epi;33.90.39;unidade;finalística;Luva de proteção mecânica
epi;33.90.39, 00.00.00, 33.90.39, 00.00.00;unidade;finalística;Luva de proteção
epi;00.00.00;unidade;finalística;Luva de limpeza
epi;00.00.00;unidade;finalística;Luva para jardinagem
epi;00.00.00, 33.90.39;unidade;finalística;Luva de raspa para soldagem
epi;33.90.39;unidade;finalística;Luva descartável de vinil
epi;33.90.39, 00.00.00;unidade;finalística;Luva descartável
epi;33.90.39, 00.00.00;unidade;finalística;Luva descartável para alimentos
epi;00.00.00;unidade;finalística;Luva térmica
epi;33.90.39;unidade;finalística;Manga isolante
epi;33.90.39;unidade;finalística;Mangote para soldagem
epi;00.00.00, 33.90.39, 00.00.00, 33.90.39;unidade;finalística;Máscara descartável
epi;33.90.39, 00.00.00;unidade;finalística;Máscara de proteção
epi;33.90.39, 33.90.41;unidade;finalística;Respirador PFF2
epi;33.90.39;unidade;finalística;Máscara de proteção respiratória
epi;00.00.00;unidade;finalística;Respirador semifacial
epi;00.00.00;unidade;finalística;Mochila para primeiros socorros
epi;00.00.00;unidade;finalística;Mochila
epi;00.00.00, 33.90.39, 33.90.39;unidade;finalística;Óculos de proteção
epi;00.00.00, 33.90.39;unidade;finalística;Pano de limpeza
epi;33.90.39;unidade;finalística;Papel-toalha
epi;00.00.00;unidade;finalística;Perneira de proteção
epi;33.90.39;unidade;finalística;Perneira para soldagem
epi;00.00.00, 33.90.39;unidade;finalística;Propé descartável
epi;33.90.39, 33.90.42;unidade;finalística;Protetor auricular
epi;33.90.39;unidade;finalística;Protetor bucal
epi;00.00.00;unidade;finalística;Protetor de nuca
epi;33.90.39;unidade;finalística;Protetor escrotal
epi;33.90.39;unidade;finalística;Protetor facial contra arco elétrico
epi;00.00.00;unidade;finalística;Protetor auricular tipo concha
epi;00.00.00;unidade;finalística;Protetor auricular tipo plug
epi;33.90.39;unidade;finalística;Sabonete líquido
epi;33.90.39;unidade;finalística;Saco de lixo hospitalar infectante
epi;33.90.39;unidade;finalística;Saco de lixo
epi;33.90.39;unidade;finalística;Tábua de corte
epi;33.90.40;unidade;finalística;Talabarte de segurança
epi;33.90.39;unidade;finalística;Termômetro culinário
epi;00.00.00;unidade;finalística;Toalha descartável
epi;00.00.00, 33.90.39;unidade;finalística;Touca para cabelo
epi;00.00.00, 33.90.39, 33.90.39, 00.00.00;unidade;finalística;Touca descartável
epi;33.90.39;unidade;finalística;Trava-quedas
epi;33.90.39;unidade;finalística;Uniforme operacional com faixa refletiva
epi;33.90.39;unidade;finalística;Vestimenta de proteção
event;33.90.39, 00.00.00;unidade;finalística;Coffee break para evento
event;33.90.39;unidade;finalística;Contratação de pessoa jurídica
event;00.00.00;unidade;finalística;Equipe de apoio operacional e cerimonial
event;00.00.00;unidade;finalística;Estrutura de palco e decoração
event;33.90.39;unidade;finalística;Evento de encerramento e formatura
event;33.90.39;unidade;finalística;Evento de lançamento e aula inaugural
event;00.00.00;unidade;finalística;Locação de cadeiras e mesas
event;33.90.39;unidade;finalística;Locação de equipamento de som e iluminação
event;00.00.00;unidade;finalística;Material gráfico para evento
event;00.00.00;unidade;finalística;Equipamento de projeção visual
event;00.00.00;unidade;finalística;Serviço de credenciamento e recepção
event;33.90.39;unidade;finalística;Serviço de fotografia e filmagem
event;00.00.00;unidade;finalística;Serviço de limpeza e apoio logístico
event;33.90.39;unidade;finalística;Serviço de mestre de cerimônias
event;33.90.39;unidade;finalística;Serviço de projeção visual
event;00.00.00;unidade;finalística;Serviço de segurança e brigadistas
event;00.00.00;unidade;finalística;Serviço de sonorização
insumo_gerais;33.90.39;unidade;finalística;Abraçadeira para eletroduto com cunha
insumo_gerais;33.90.39;unidade;finalística;Abraçadeira metálica ovalada
insumo_gerais;33.90.39;unidade;finalística;Abraçadeira metálica tipo u
insumo_gerais;00.00.00;unidade;finalística;Organizador de cabos
insumo_gerais;00.00.00;unidade;finalística;Abridor de latas
insumo_gerais;33.90.30;unidade;finalística;Acetona
insumo_gerais;33.90.39;unidade;finalística;Adaptador de latão com espigão
insumo_gerais;33.90.39;unidade;finalística;Adaptador soldável de PVC bolsa/rosca
insumo_gerais;33.90.39, 33.90.53;unidade;finalística;Cola para madeira
insumo_gerais;33.90.39;unidade;finalística;Adubo
insumo_gerais;00.00.00;unidade;finalística;Água mineral
insumo_gerais;00.00.00;unidade;finalística;Água sanitária
insumo_gerais;33.90.39;unidade;finalística;Agulha
insumo_gerais;33.90.39;unidade;finalística;Agulha de crochê
insumo_gerais;33.90.39;unidade;finalística;Agulha de tapeçaria
insumo_gerais;00.00.00, 33.90.30, 33.90.39;unidade;finalística;Álcool líquido 70%
insumo_gerais;00.00.00;unidade;finalística;Álcool de cereais 96%
insumo_gerais;33.90.39, 00.00.00;unidade;finalística;Álcool isopropílico
insumo_gerais;33.90.30;unidade;finalística;Algodão
insumo_gerais;33.90.39;unidade;finalística;Tecido de algodão cru
insumo_gerais;00.00.00;unidade;finalística;Algodão hidrófilo
insumo_gerais;33.90.39;unidade;finalística;Alicate amperímetro
insumo_gerais;33.90.39;unidade;finalística;Alicate amperímetro true RMS
insumo_gerais;33.90.39;unidade;finalística;Alicate de bico meia-cana isolado
insumo_gerais;33.90.30;unidade;finalística;Alicate para unhas
insumo_gerais;00.00.00;unidade;finalística;Alicate de corte
insumo_gerais;33.90.39;unidade;finalística;Alicate de corte isolado
insumo_gerais;33.90.39;unidade;finalística;Alicate desencapador automático
insumo_gerais;33.90.30, 33.90.39;unidade;finalística;Alicate
insumo_gerais;00.00.00;unidade;finalística;Alicate universal
insumo_gerais;33.90.39;unidade;finalística;Alicate universal isolado
insumo_gerais;33.90.61, 33.90.62;unidade;finalística;Alimento
insumo_gerais;33.90.39;unidade;finalística;Almofada com palha de bananeira
insumo_gerais;33.90.30;unidade;finalística;Amolecedor de cutícula
insumo_gerais;33.90.39;unidade;finalística;Anilina
insumo_gerais;00.00.00;unidade;finalística;Esfigmomanômetro
insumo_gerais;00.00.00;unidade;finalística;Apito de emergência
insumo_gerais;33.90.39;unidade;finalística;Aquecedor de cera roll-on
insumo_gerais;33.90.39;unidade;finalística;Arco de serra
insumo_gerais;33.90.39;unidade;finalística;Ar-condicionado split
insumo_gerais;33.90.46;unidade;finalística;Área de prática
insumo_gerais;33.90.39, 33.90.47;unidade;finalística;Areia média
insumo_gerais;33.90.50;unidade;finalística;Argamassa colante
insumo_gerais;00.00.00;unidade;finalística;Argila
insumo_gerais;33.90.39;unidade;finalística;Argola para chaveiro
insumo_gerais;00.00.00;unidade;finalística;Espessante Aristoflex AVC
insumo_gerais;33.90.39;unidade;finalística;Armário para escritório
insumo_gerais;33.90.39;unidade;finalística;Arroz
insumo_gerais;33.90.39;unidade;finalística;Arruela lisa
insumo_gerais;00.00.00, 33.90.51, 00.00.00;unidade;finalística;Assadeira
insumo_gerais;00.00.00;unidade;finalística;Avental descartável
insumo_gerais;33.90.39;unidade;finalística;Bacia de aço inox
insumo_gerais;00.00.00;unidade;finalística;Bacia para higiene
insumo_gerais;33.90.39;unidade;finalística;Balança de mola
insumo_gerais;00.00.00, 33.90.39;unidade;finalística;Balança digital
insumo_gerais;33.90.55;unidade;finalística;Balança digital de cozinha
insumo_gerais;33.90.39, 00.00.00;unidade;finalística;Lixeira com tampa
insumo_gerais;33.90.54, 33.90.39;unidade;finalística;Balde plástico
insumo_gerais;33.90.39;unidade;finalística;Balança digital para gás
insumo_gerais;33.90.46;unidade;finalística;Bancada de trabalho
insumo_gerais;33.90.58;unidade;finalística;Bandeja de pintura
insumo_gerais;00.00.00, 33.90.59;unidade;finalística;Bandeja
insumo_gerais;00.00.00;unidade;finalística;Bandeja para mudas
insumo_gerais;00.00.00;unidade;finalística;Bandeja de laboratório
insumo_gerais;00.00.00, 33.90.30, 33.90.39;unidade;finalística;Banner
insumo_gerais;33.90.57;unidade;finalística;Barbante ou linha
insumo_gerais;33.90.39;unidade;finalística;Barra chata de aço
insumo_gerais;33.90.39;unidade;finalística;Conector em barra tipo sindal
insumo_gerais;33.90.39;unidade;finalística;Barramento de neutro
insumo_gerais;33.90.39;unidade;finalística;Barramento de terra
insumo_gerais;33.90.39;unidade;finalística;Barramento de neutro e terra
insumo_gerais;33.90.39;unidade;finalística;Barramento tipo pente bipolar
insumo_gerais;33.90.39;unidade;finalística;Barramento tipo pente monopolar
insumo_gerais;33.90.30;unidade;finalística;Base para unhas
insumo_gerais;33.90.39;unidade;finalística;Base para relé fotoelétrico
insumo_gerais;33.90.39;unidade;finalística;Bastão de cola quente
insumo_gerais;00.00.00;unidade;finalística;Batedeira
insumo_gerais;00.00.00;unidade;finalística;Batedores (fouet)
insumo_gerais;33.90.39;unidade;finalística;Bateria estacionária para sistema solar
insumo_gerais;33.90.39;unidade;finalística;Bilro
insumo_gerais;33.90.39;unidade;finalística;Cola para PVC
insumo_gerais;00.00.00, 33.90.39;unidade;finalística;Bloco de anotações
insumo_gerais;00.00.00;unidade;finalística;Bloco de montar educativo
insumo_gerais;00.00.00, 33.90.30;unidade;finalística;Bloco autoadesivo
insumo_gerais;33.90.39;unidade;finalística;Bloco de construção
insumo_gerais;33.90.48;unidade;finalística;Bloco cerâmico
insumo_gerais;33.90.39;unidade;finalística;Bola de futebol
insumo_gerais;00.00.00;unidade;finalística;Bolsa para cuidador
insumo_gerais;33.90.39;unidade;finalística;Bolsa para ferramentas
insumo_gerais;33.90.39;unidade;finalística;Bomba de vácuo
insumo_gerais;33.90.39, 00.00.00;unidade;finalística;Borne de conexão
insumo_gerais;33.90.30, 00.00.00;unidade;finalística;Borrifador
insumo_gerais;33.90.39, 00.00.00;unidade;finalística;Botão de comando para painel
insumo_gerais;00.00.00, 33.90.48;unidade;finalística;Botijão de gás
insumo_gerais;00.00.00;unidade;finalística;Bowl de aço inox
insumo_gerais;33.90.39;unidade;finalística;Breu para violino
insumo_gerais;33.90.39, 33.90.49;unidade;finalística;Brita fina
insumo_gerais;33.90.46;unidade;finalística;Broca para madeira
insumo_gerais;33.90.39;unidade;finalística;Bucha de redução soldável de PVC
insumo_gerais;33.90.52;unidade;finalística;Bucha de fixação
insumo_gerais;00.00.00;unidade;finalística;Bússola
insumo_gerais;33.90.39;unidade;finalística;Cabo elétrico flexível
insumo_gerais;33.90.39;unidade;finalística;Cabo elétrico PP flexível
insumo_gerais;33.90.39;unidade;finalística;Cabo elétrico paralelo flexível
insumo_gerais;33.90.39;unidade;finalística;Cabo elétrico flexível de PVC
insumo_gerais;33.90.39;unidade;finalística;Cabo solar
insumo_gerais;33.90.39;unidade;finalística;Cabo telefônico para interfone
insumo_gerais;00.00.00;unidade;finalística;Cabo elétrico
insumo_gerais;33.90.40, 00.00.00, 33.90.42;unidade;finalística;Cadeira
insumo_gerais;33.90.39, 00.00.00, 33.90.55, 33.90.58;unidade;finalística;Caderno de anotações
insumo_gerais;33.90.39;unidade;finalística;Caixa elétrica 4x2
insumo_gerais;33.90.39;unidade;finalística;Caixa elétrica 4x4
insumo_gerais;33.90.39;unidade;finalística;String box CA
insumo_gerais;33.90.39;unidade;finalística;Caixa de passagem elétrica
insumo_gerais;33.90.39;unidade;finalística;Caixa elétrica de sobrepor
insumo_gerais;33.90.39;unidade;finalística;Caixa organizadora de ferramentas
insumo_gerais;33.90.39;unidade;finalística;Caixa para botão de comando
insumo_gerais;00.00.00;unidade;finalística;Caixa elétrica
insumo_gerais;00.00.00;unidade;finalística;Caixa para transporte
insumo_gerais;00.00.00;unidade;finalística;Caixa porta-lâminas
insumo_gerais;33.90.39;unidade;finalística;Cal hidratada
insumo_gerais;00.00.00, 33.90.57, 33.90.58;unidade;finalística;Calculadora
insumo_gerais;33.90.39;unidade;finalística;Campainha elétrica
insumo_gerais;33.90.39, 00.00.00;unidade;finalística;Canaleta de PVC para quadro elétrico
insumo_gerais;00.00.00, 33.90.60;unidade;finalística;Caneta
insumo_gerais;00.00.00;unidade;finalística;Caneta marcadora
insumo_gerais;33.90.39;unidade;finalística;Tubo
insumo_gerais;33.90.41;unidade;finalística;Carne
insumo_gerais;33.90.39, 33.90.55;unidade;finalística;Carrinho de mão
insumo_gerais;00.00.00;unidade;finalística;Carta educativa
insumo_gerais;00.00.00;unidade;finalística;Cartaz
insumo_gerais;00.00.00;unidade;finalística;Cartão de memória
insumo_gerais;33.90.30, 33.90.39, 33.90.39;unidade;finalística;Cartolina
insumo_gerais;00.00.00;unidade;finalística;Cartolina ou papel kraft
insumo_gerais;33.90.39;unidade;finalística;Cavadeira articulada
insumo_gerais;00.00.00;unidade;finalística;Cera de abelha
insumo_gerais;33.90.39;unidade;finalística;Cesto de palha
insumo_gerais;00.00.00;unidade;finalística;Chaira para afiação
insumo_gerais;33.90.51;unidade;finalística;Chaleira
insumo_gerais;33.90.39;unidade;finalística;Chave boia
insumo_gerais;33.90.39;unidade;finalística;Jogo de chave combinada com catraca
insumo_gerais;00.00.00;unidade;finalística;Chave de fenda
insumo_gerais;33.90.39;unidade;finalística;Chave inglesa ajustável
insumo_gerais;00.00.00, 33.90.43, 33.90.42;unidade;finalística;Chave phillips
insumo_gerais;33.90.39;unidade;finalística;Chave seccionadora solar
insumo_gerais;33.90.39;unidade;finalística;Chave seletora para painel
insumo_gerais;33.90.39;unidade;finalística;Jogo de chaves isoladas
insumo_gerais;33.90.39, 33.90.46, 00.00.00;unidade;finalística;Cimento
insumo_gerais;33.90.39;unidade;finalística;Cinturão de segurança tipo paraquedista
insumo_gerais;00.00.00;unidade;finalística;Clorexidina degermante 2%
insumo_gerais;33.90.44;unidade;finalística;Cobertor
insumo_gerais;00.00.00;unidade;finalística;Coffee break
insumo_gerais;00.00.00;unidade;finalística;Cola para manutenção de eletrônicos
insumo_gerais;33.90.39;unidade;finalística;Colher de pedreiro
insumo_gerais;00.00.00, 00.00.00, 33.90.57;unidade;finalística;Colher medidora
insumo_gerais;00.00.00, 33.90.54;unidade;finalística;Colher grande
insumo_gerais;33.90.49, 33.90.39;unidade;finalística;Chapa de compensado
insumo_gerais;33.90.39;unidade;finalística;Eletroduto corrugado leve
insumo_gerais;33.90.39;unidade;finalística;Eletroduto corrugado reforçado
insumo_gerais;33.90.39;unidade;finalística;Condulete de PVC tipo c
insumo_gerais;33.90.39;unidade;finalística;Condulete de PVC tipo e
insumo_gerais;33.90.39;unidade;finalística;Condulete de PVC tipo ll
insumo_gerais;33.90.39;unidade;finalística;Condulete de PVC tipo lr
insumo_gerais;33.90.39;unidade;finalística;Condulete de PVC tipo t
insumo_gerais;33.90.39;unidade;finalística;Condulete de PVC tipo x
insumo_gerais;33.90.39;unidade;finalística;Conector de emenda por torção
insumo_gerais;33.90.39;unidade;finalística;Conector MC4
insumo_gerais;33.90.39;unidade;finalística;Conector para haste de aterramento
insumo_gerais;33.90.39;unidade;finalística;Conector reto de PVC
insumo_gerais;33.90.39;unidade;finalística;Conector wago de alavanca
insumo_gerais;33.90.39;unidade;finalística;Conector e terminal elétrico
insumo_gerais;33.90.39;unidade;finalística;Conector ou curva
insumo_gerais;33.90.44;unidade;finalística;Kit de conexões
insumo_gerais;33.90.39;unidade;finalística;Escova de limpeza de laboratório
insumo_gerais;00.00.00;unidade;finalística;Contator
insumo_gerais;33.90.58;unidade;finalística;Copo
insumo_gerais;33.90.56, 00.00.00, 00.00.00;unidade;finalística;Copo medidor
insumo_gerais;00.00.00;unidade;finalística;Corante Giemsa
insumo_gerais;33.90.39;unidade;finalística;Corda para contrabaixo
insumo_gerais;33.90.39;unidade;finalística;Corda para viola
insumo_gerais;33.90.39;unidade;finalística;Corda para violino
insumo_gerais;33.90.39;unidade;finalística;Corda para violoncelo
insumo_gerais;00.00.00;unidade;finalística;Cordão para crachá
insumo_gerais;33.90.40;unidade;finalística;Cortador de piso
insumo_gerais;33.90.39;unidade;finalística;Cosmético para depilação
insumo_gerais;00.00.00;unidade;finalística;Credencial
insumo_gerais;00.00.00;unidade;finalística;Cronômetro digital
insumo_gerais;33.90.39;unidade;finalística;Curva para eletroduto de PVC
insumo_gerais;33.90.39;unidade;finalística;Curva hidráulica de PVC
insumo_gerais;33.90.39;unidade;finalística;Dermógrafo para treinamento
insumo_gerais;00.00.00;unidade;finalística;Coletor para perfurocortantes
insumo_gerais;00.00.00;unidade;finalística;Descascador
insumo_gerais;33.90.54;unidade;finalística;Desempenadeira de acabamento
insumo_gerais;33.90.42;unidade;finalística;Desempenadeira de borracha
insumo_gerais;33.90.39, 33.90.41;unidade;finalística;Desempenadeira dentada
insumo_gerais;33.90.39;unidade;finalística;Desempenadeira lisa de aço
insumo_gerais;33.90.39;unidade;finalística;Desempenadeira de aço
insumo_gerais;00.00.00;unidade;finalística;Desinfetante
insumo_gerais;00.00.00;unidade;finalística;Desinfetante hospitalar
insumo_gerais;33.90.39;unidade;finalística;Detector de tensão por aproximação
insumo_gerais;00.00.00, 33.90.39;unidade;finalística;Detergente neutro
insumo_gerais;33.90.39;unidade;finalística;Detergente germicida
insumo_gerais;33.90.39;unidade;finalística;Disjuntor termomagnético bipolar
insumo_gerais;33.90.39;unidade;finalística;Disjuntor CC
insumo_gerais;33.90.39;unidade;finalística;Disjuntor termomagnético monopolar
insumo_gerais;33.90.39;unidade;finalística;Disjuntor termomagnético tripolar
insumo_gerais;00.00.00, 33.90.39;unidade;finalística;Disjuntor
insumo_gerais;33.90.39;unidade;finalística;DPS para corrente alternada
insumo_gerais;33.90.39;unidade;finalística;Dispositivo referencial residencial
insumo_gerais;33.90.39;unidade;finalística;Dispositivo de proteção contra surtos
insumo_gerais;33.90.39;unidade;finalística;DPS para corrente contínua
insumo_gerais;33.90.39;unidade;finalística;Eletrodo de soldagem 7018
insumo_gerais;33.90.39;unidade;finalística;Eletroduto de PVC
insumo_gerais;33.90.39;unidade;finalística;Eletroduto rígido de PVC
insumo_gerais;00.00.00;unidade;finalística;Embalagem para alimentos
insumo_gerais;33.90.39, 00.00.00;unidade;finalística;Enxada
insumo_gerais;33.90.39;unidade;finalística;Enxadinha tipo sacho
insumo_gerais;33.90.39;unidade;finalística;Erva
insumo_gerais;33.90.39;unidade;finalística;Escalda-pés
insumo_gerais;33.90.58, 00.00.00;unidade;finalística;Escorredor de louças
insumo_gerais;00.00.00;unidade;finalística;Escorredor de alimentos
insumo_gerais;00.00.00;unidade;finalística;Escumadeira ou peneira
insumo_gerais;33.90.39;unidade;finalística;Esfigmomanômetro digital de pulso
insumo_gerais;33.90.30;unidade;finalística;Esfoliante corporal
insumo_gerais;33.90.30;unidade;finalística;Esmalte para francesinha
insumo_gerais;33.90.30;unidade;finalística;Esmalte
insumo_gerais;33.90.45;unidade;finalística;Espaçador de piso
insumo_gerais;33.90.43, 33.90.56, 00.00.00;unidade;finalística;Espátula
insumo_gerais;00.00.00;unidade;finalística;Espátula de silicone
insumo_gerais;33.90.30;unidade;finalística;Espátula desencravadora
insumo_gerais;33.90.39;unidade;finalística;Espinho de cacto
insumo_gerais;00.00.00, 33.90.39;unidade;finalística;Esponja de limpeza
insumo_gerais;00.00.00;unidade;finalística;Espremedor de batatas
insumo_gerais;33.90.39;unidade;finalística;Esquadro
insumo_gerais;33.90.43;unidade;finalística;Esquadro de carpinteiro
insumo_gerais;33.90.39;unidade;finalística;Estadiômetro portátil
insumo_gerais;00.00.00;unidade;finalística;Solda em pasta
insumo_gerais;33.90.39;unidade;finalística;Estante de partitura
insumo_gerais;33.90.39;unidade;finalística;Estante organizadora
insumo_gerais;00.00.00;unidade;finalística;Esterco curtido
insumo_gerais;33.90.39, 00.00.00, 00.00.00;unidade;finalística;Estetoscópio adulto
insumo_gerais;33.90.39;unidade;finalística;Estilete
insumo_gerais;33.90.39, 00.00.00;unidade;finalística;Etiqueta
insumo_gerais;33.90.39;unidade;finalística;Etiqueta térmica
insumo_gerais;33.90.39;unidade;finalística;Etiqueta impermeável
insumo_gerais;33.90.30;unidade;finalística;Extra brilho para unhas
insumo_gerais;00.00.00;unidade;finalística;Extrato de própolis
insumo_gerais;33.90.39;unidade;finalística;Facão
insumo_gerais;00.00.00, 33.90.53;unidade;finalística;Faca de cozinha
insumo_gerais;33.90.40;unidade;finalística;Feijão
insumo_gerais;33.90.39;unidade;finalística;Ferro de soldar
insumo_gerais;33.90.39;unidade;finalística;Fibra siliconada para enchimento
insumo_gerais;00.00.00;unidade;finalística;Ficha de avaliação
insumo_gerais;00.00.00;unidade;finalística;Ficha de inscrição
insumo_gerais;33.90.60;unidade;finalística;Ficha de pedido
insumo_gerais;33.90.40, 00.00.00;unidade;finalística;Ficha de receita e custos
insumo_gerais;00.00.00, 33.90.54;unidade;finalística;Ficha impressa
insumo_gerais;00.00.00;unidade;finalística;Ficha de roteiro e inventário
insumo_gerais;00.00.00;unidade;finalística;Fio jumper isolado
insumo_gerais;33.90.39;unidade;finalística;Fio de malha
insumo_gerais;33.90.39;unidade;finalística;Fio elétrico rígido de cobre
insumo_gerais;33.90.39;unidade;finalística;Fio náutico
insumo_gerais;00.00.00, 33.90.39;unidade;finalística;Fita adesiva
insumo_gerais;00.00.00, 33.90.39, 33.90.42, 33.90.39;unidade;finalística;Fita isolante
insumo_gerais;00.00.00;unidade;finalística;Fita térmica kapton
insumo_gerais;00.00.00;unidade;finalística;Malha dessoldadora
insumo_gerais;33.90.39;unidade;finalística;Fita métrica
insumo_gerais;33.90.43;unidade;finalística;Fita térmica
insumo_gerais;33.90.39;unidade;finalística;Fita veda-rosca
insumo_gerais;33.90.39;unidade;finalística;Flanela de limpeza
insumo_gerais;33.90.30, 00.00.00;unidade;finalística;Flip chart
insumo_gerais;00.00.00;unidade;finalística;Fluxo de solda
insumo_gerais;00.00.00, 33.90.48;unidade;finalística;Fogão ou cooktop
insumo_gerais;33.90.59;unidade;finalística;Folha impressa
insumo_gerais;00.00.00;unidade;finalística;Fonte de alimentação para automação
insumo_gerais;33.90.41;unidade;finalística;Formão
insumo_gerais;33.90.46;unidade;finalística;Forma de madeira
insumo_gerais;00.00.00;unidade;finalística;Forma para alimentos
insumo_gerais;33.90.39;unidade;finalística;Formulário de acompanhamento pedagógico
insumo_gerais;33.90.39;unidade;finalística;Formulário de ensaio
insumo_gerais;33.90.39;unidade;finalística;Formulário SUS
insumo_gerais;33.90.40;unidade;finalística;Fotocélula
insumo_gerais;33.90.39;unidade;finalística;Interruptor intermediário
insumo_gerais;00.00.00;unidade;finalística;Fralda geriátrica
insumo_gerais;00.00.00;unidade;finalística;Frasco conta-gotas
insumo_gerais;00.00.00;unidade;finalística;Frasco para reagente
insumo_gerais;33.90.50, 00.00.00;unidade;finalística;Frigideira
insumo_gerais;33.90.45;unidade;finalística;Fruta
insumo_gerais;00.00.00;unidade;finalística;Funil
insumo_gerais;33.90.39, 33.90.45;unidade;finalística;Furadeira elétrica
insumo_gerais;33.90.39;unidade;finalística;Furadeira de impacto
insumo_gerais;00.00.00;unidade;finalística;Garrafa para água
insumo_gerais;33.90.39;unidade;finalística;Gás refrigerante
insumo_gerais;00.00.00;unidade;finalística;Kit de gaze estéril e micropore
insumo_gerais;00.00.00;unidade;finalística;Glicerina vegetal
insumo_gerais;00.00.00, 33.90.39;unidade;finalística;Glicosímetro
insumo_gerais;33.90.30;unidade;finalística;Glitter
insumo_gerais;33.90.39;unidade;finalística;Grade de madeira
insumo_gerais;33.90.39;unidade;finalística;Grampeador
insumo_gerais;33.90.39;unidade;finalística;Grampo
insumo_gerais;33.90.44;unidade;finalística;Grampo tipo sargento
insumo_gerais;33.90.39;unidade;finalística;Kit de higienização de pincéis
insumo_gerais;33.90.40;unidade;finalística;Hipoclorito de sódio
insumo_gerais;00.00.00;unidade;finalística;Kit de iluminação LED
insumo_gerais;33.90.39;unidade;finalística;Impressora multifuncional
insumo_gerais;00.00.00, 33.90.39;unidade;finalística;Kit de ingredientes para confeitaria
insumo_gerais;00.00.00;unidade;finalística;Kit de ingredientes para preparações salgadas
insumo_gerais;33.90.36;hora;finalística;Instrutor
insumo_gerais;00.00.00;unidade;finalística;Insumo alimentício perecível
insumo_gerais;00.00.00, 33.90.63;unidade;finalística;Insumo básico
insumo_gerais;33.90.39;unidade;finalística;Kit de materiais descartáveis
insumo_gerais;33.90.39;unidade;finalística;Interruptor simples
insumo_gerais;33.90.39;unidade;finalística;Interruptor diferencial residual
insumo_gerais;33.90.39;unidade;finalística;Interruptor duplo
insumo_gerais;33.90.39;unidade;finalística;Interruptor paralelo
insumo_gerais;33.90.39;unidade;finalística;Conjunto de interruptor e tomada
insumo_gerais;33.90.39;unidade;finalística;Interruptor triplo
insumo_gerais;33.90.39;unidade;finalística;Inversor híbrido solar
insumo_gerais;33.90.39;unidade;finalística;Isolador elétrico monofásico
insumo_gerais;33.90.39;unidade;finalística;Isolador elétrico trifásico
insumo_gerais;33.90.45;unidade;finalística;Item decorativo
insumo_gerais;33.90.39;unidade;finalística;Jarra graduada
insumo_gerais;33.90.58;unidade;finalística;Jarra
insumo_gerais;33.90.39;unidade;finalística;Joelho hidráulico
insumo_gerais;33.90.39;unidade;finalística;Jogo de chaves de fenda
insumo_gerais;33.90.39;unidade;finalística;Jogo de chaves allen
insumo_gerais;33.90.39;unidade;finalística;Jogo de pincéis
insumo_gerais;33.90.41;unidade;finalística;Jogo de cama
insumo_gerais;00.00.00;unidade;finalística;Jogo de tabuleiro adaptado
insumo_gerais;00.00.00;unidade;finalística;Pote para creme ou pomada
insumo_gerais;33.90.39;unidade;finalística;Kit de barreiras para treinamento
insumo_gerais;33.90.39;unidade;finalística;Kit de material escolar
insumo_gerais;33.90.40;unidade;finalística;Kit para arbitragem
insumo_gerais;33.90.39;unidade;finalística;Kit de aterramento
insumo_gerais;33.90.39;unidade;finalística;Kit de ceras para depilação
insumo_gerais;00.00.00;unidade;finalística;Kit de chaves de precisão
insumo_gerais;00.00.00;unidade;finalística;Kit de espátulas para manutenção
insumo_gerais;33.90.39;unidade;finalística;Kit de banners demonstrativos
insumo_gerais;00.00.00;unidade;finalística;Kit de fichas administrativas
insumo_gerais;33.90.39;unidade;finalística;Kit de tinta para impressora
insumo_gerais;33.90.39;unidade;finalística;Kit de teste de ph
insumo_gerais;33.90.39;unidade;finalística;Kit de ferramentas para horta
insumo_gerais;33.90.39;unidade;finalística;Kit de maquiagem para pele
insumo_gerais;33.90.39;unidade;finalística;Kit de pinças
insumo_gerais;00.00.00, 33.90.39;unidade;finalística;Kit de primeiros socorros
insumo_gerais;33.90.58, 00.00.00;unidade;finalística;Kit de utensílios
insumo_gerais;33.90.39;unidade;finalística;Kit de vidraria de laboratório
insumo_gerais;00.00.00;unidade;finalística;Kit de embalagem para aula prática
insumo_gerais;33.90.39;unidade;finalística;Kit de ferramentas para eletricista
insumo_gerais;33.90.39;unidade;finalística;Kit flangeador e cortador
insumo_gerais;33.90.39;unidade;finalística;Kit de treinamento funcional
insumo_gerais;33.90.39;unidade;finalística;Kit de henna
insumo_gerais;00.00.00;unidade;finalística;Kit de manutenção e higienização
insumo_gerais;00.00.00;unidade;finalística;Kit de microfone de lapela
insumo_gerais;33.90.39;unidade;finalística;Kit de trilho DIN
insumo_gerais;33.90.39;unidade;finalística;Kit de apoio visual e organização
insumo_gerais;33.90.39;unidade;finalística;Kit de farinhas e grãos
insumo_gerais;33.90.39;unidade;finalística;Kit de grãos e farináceos
insumo_gerais;33.90.39;unidade;finalística;Kit de ingredientes alimentares
insumo_gerais;33.90.39;unidade;finalística;Kit de laticínios
insumo_gerais;33.90.46;unidade;finalística;Kit de limpeza
insumo_gerais;33.90.39;unidade;finalística;Kit de massas e bases
insumo_gerais;33.90.39;unidade;finalística;Kit de materiais de apresentação
insumo_gerais;33.90.39;unidade;finalística;Kit de materiais de prototipagem
insumo_gerais;33.90.39;unidade;finalística;Kit de materiais para validação de mercado
insumo_gerais;33.90.39;unidade;finalística;Kit de materiais para Canvas
insumo_gerais;33.90.39;unidade;finalística;Kit de materiais para ideação
insumo_gerais;33.90.39;unidade;finalística;Kit de materiais para simulação de negócios
insumo_gerais;33.90.39;unidade;finalística;Kit de proteínas
insumo_gerais;33.90.39;unidade;finalística;Kit de proteínas e derivados
insumo_gerais;33.90.39;unidade;finalística;Kit de temperos e condimentos
insumo_gerais;33.90.53;unidade;finalística;Kit de refeição
insumo_gerais;00.00.00;unidade;finalística;Lâmina para microscopia
insumo_gerais;00.00.00;unidade;finalística;Lamínula
insumo_gerais;33.90.39;unidade;finalística;Lâmpada LED tubular t8
insumo_gerais;33.90.39;unidade;finalística;Lâmpada fluorescente tubular t10
insumo_gerais;33.90.39;unidade;finalística;Lâmpada halógena
insumo_gerais;33.90.39;unidade;finalística;Lâmpada halógena dicróica
insumo_gerais;33.90.39;unidade;finalística;Lâmpada incandescente tipo bolinha
insumo_gerais;33.90.39;unidade;finalística;Lâmpada incandescente
insumo_gerais;33.90.39, 00.00.00;unidade;finalística;Lâmpada LED
insumo_gerais;33.90.39;unidade;finalística;Lâmpada mista
insumo_gerais;33.90.39;unidade;finalística;Lâmpada de vapor de mercúrio
insumo_gerais;33.90.39;unidade;finalística;Lâmpada de vapor de sódio
insumo_gerais;00.00.00, 33.90.39;unidade;finalística;Lanceta descartável
insumo_gerais;33.90.39;unidade;finalística;Lanche
insumo_gerais;33.90.44;unidade;finalística;Legume
insumo_gerais;00.00.00;unidade;finalística;Leiteira para indução
insumo_gerais;00.00.00;unidade;finalística;Lençol para prática
insumo_gerais;00.00.00;unidade;finalística;Lençol de papel para maca
insumo_gerais;00.00.00;unidade;finalística;Lenço sem fiapos
insumo_gerais;00.00.00;unidade;finalística;Lenço umedecido
insumo_gerais;00.00.00;unidade;finalística;Letreiro de LED
insumo_gerais;33.90.39;unidade;finalística;Linha Cléa
insumo_gerais;33.90.39;unidade;finalística;Linha de costura
insumo_gerais;33.90.39;unidade;finalística;Linha para máquina reta
insumo_gerais;33.90.39;unidade;finalística;Linha para bordado
insumo_gerais;33.90.39;unidade;finalística;Linha para máquina overlock
insumo_gerais;33.90.39;unidade;finalística;Linha para acabamento
insumo_gerais;00.00.00, 33.90.52;unidade;finalística;Liquidificador
insumo_gerais;00.00.00;unidade;finalística;Lista de presença
insumo_gerais;33.90.30;unidade;finalística;Lixa bloco para unhas
insumo_gerais;33.90.55;unidade;finalística;Lixa
insumo_gerais;33.90.30;unidade;finalística;Lixa para unhas
insumo_gerais;00.00.00;unidade;finalística;Lixeira
insumo_gerais;33.90.40, 33.90.58, 33.90.39;unidade;finalística;Lona plástica
insumo_gerais;33.90.39;unidade;finalística;Luminária spot de sobrepor
insumo_gerais;33.90.39;unidade;finalística;Lupa de cabeça com iluminação
insumo_gerais;33.90.39;unidade;finalística;Luva de emenda para eletroduto
insumo_gerais;33.90.39;unidade;finalística;Luva roscável de PVC
insumo_gerais;33.90.39;unidade;finalística;Luva roscável para eletroduto
insumo_gerais;00.00.00;unidade;finalística;Luva térmica
insumo_gerais;33.90.39;unidade;finalística;Luva de PVC
insumo_gerais;00.00.00;unidade;finalística;Luva descartável de látex
insumo_gerais;33.90.39;unidade;finalística;Luva de goleiro
insumo_gerais;33.90.39;unidade;finalística;Maca portátil
insumo_gerais;33.90.39;unidade;finalística;Kit de maçarico para solda
insumo_gerais;33.90.39;unidade;finalística;Maleta de maquiagem
insumo_gerais;33.90.39, 33.90.56;unidade;finalística;Mangueira
insumo_gerais;00.00.00;unidade;finalística;Mangueira de jardim
insumo_gerais;33.90.39;unidade;finalística;Mangueira de PVC cristal
insumo_gerais;00.00.00;unidade;finalística;Mangueira para irrigação
insumo_gerais;33.90.39;unidade;finalística;Manifold para refrigeração
insumo_gerais;00.00.00;unidade;finalística;Manta antiestática para eletrônica
insumo_gerais;00.00.00;unidade;finalística;Manteiga de cupuaçu
insumo_gerais;00.00.00;unidade;finalística;Manteiga de murumuru
insumo_gerais;00.00.00, 33.90.39;unidade;finalística;Mapa da comunidade
insumo_gerais;00.00.00;unidade;finalística;Marcador
insumo_gerais;33.90.39;unidade;finalística;Marreta
insumo_gerais;33.90.39;unidade;finalística;Martelo
insumo_gerais;33.90.44;unidade;finalística;Martelo de borracha
insumo_gerais;00.00.00;unidade;finalística;Kit de máscara UV e lanterna de cura
insumo_gerais;00.00.00;unidade;finalística;Máscara descartável
insumo_gerais;33.90.59;unidade;finalística;Massa corrida
insumo_gerais;33.90.39, 33.90.46;unidade;finalística;Masseira
insumo_gerais;33.90.39;unidade;finalística;Kit de materiais de apoio
insumo_gerais;33.90.39;unidade;finalística;Material para rede de distribuição
insumo_gerais;33.90.39;unidade;finalística;Megôhmetro digital
insumo_gerais;33.90.38, 33.90.39;unidade;finalística;Meião de futebol
insumo_gerais;00.00.00, 33.90.39;unidade;finalística;Mesa coletiva
insumo_gerais;00.00.00;unidade;finalística;Mesa para evento
insumo_gerais;00.00.00, 33.90.41;unidade;finalística;Mesa de apoio
insumo_gerais;00.00.00;unidade;finalística;Metanol
insumo_gerais;00.00.00;unidade;finalística;Bisnaga plástica
insumo_gerais;33.90.39;unidade;finalística;Mini pá de bico
insumo_gerais;33.90.39;unidade;finalística;Minicontator de potência
insumo_gerais;33.90.39;unidade;finalística;Monitor
insumo_gerais;33.90.39;unidade;finalística;Motobomba centrífuga
insumo_gerais;00.00.00;unidade;finalística;Muda de alecrim
insumo_gerais;00.00.00;unidade;finalística;Muda de capim limao
insumo_gerais;00.00.00;unidade;finalística;Muda de erva cidreira
insumo_gerais;00.00.00;unidade;finalística;Muda de hortela
insumo_gerais;33.90.39;unidade;finalística;Multímetro digital
insumo_gerais;33.90.39;unidade;finalística;Multímetro true RMS
insumo_gerais;00.00.00;unidade;finalística;Conservante nipaguard sce
insumo_gerais;33.90.40;unidade;finalística;Nitrogênio
insumo_gerais;33.90.39;unidade;finalística;Nível
insumo_gerais;33.90.39;unidade;finalística;Nível a laser
insumo_gerais;33.90.39;unidade;finalística;Nível de bolha
insumo_gerais;33.90.39;unidade;finalística;Nível de mangueira
insumo_gerais;33.90.39;unidade;finalística;Notebook
insumo_gerais;33.90.39;unidade;finalística;Fio para amigurumi
insumo_gerais;33.90.39;unidade;finalística;Óleo
insumo_gerais;33.90.30;unidade;finalística;Óleo de banana
insumo_gerais;00.00.00;unidade;finalística;Óleo de coco palmiste
insumo_gerais;00.00.00;unidade;finalística;Óleo de imersão
insumo_gerais;00.00.00;unidade;finalística;Óleo de semente de abóbora
insumo_gerais;00.00.00;unidade;finalística;Óleo essencial de cedro deodara
insumo_gerais;00.00.00;unidade;finalística;Óleo essencial de citronela
insumo_gerais;00.00.00;unidade;finalística;Óleo essencial de laranja doce
insumo_gerais;00.00.00;unidade;finalística;Óleo essencial de lavanda francesa
insumo_gerais;33.90.39;unidade;finalística;Óleo para instrumento de sopro
insumo_gerais;00.00.00;unidade;finalística;Óleo-resina de copaíba
insumo_gerais;33.90.30;unidade;finalística;Óleo secante para unhas
insumo_gerais;33.90.39;unidade;finalística;Kit de óleos e gorduras
insumo_gerais;33.90.39;unidade;finalística;Olho com trava para amigurumi
insumo_gerais;33.90.39;unidade;finalística;Outros
insumo_gerais;00.00.00, 33.90.39;unidade;finalística;Oxímetro de dedo
insumo_gerais;33.90.39, 00.00.00;unidade;finalística;Pá
insumo_gerais;33.90.39;unidade;finalística;Painel didático de MDF
insumo_gerais;33.90.39;unidade;finalística;Paleta de sombras
insumo_gerais;00.00.00;unidade;finalística;Palha de aço
insumo_gerais;33.90.39;unidade;finalística;Palha de carnaúba
insumo_gerais;33.90.39;unidade;finalística;Palheta para saxofone alto
insumo_gerais;33.90.39;unidade;finalística;Palheta para saxofone tenor
insumo_gerais;33.90.30;unidade;finalística;Palito de madeira para manicure
insumo_gerais;00.00.00;unidade;finalística;Panela de pressão para indução
insumo_gerais;33.90.49, 00.00.00;unidade;finalística;Panela
insumo_gerais;33.90.49;unidade;finalística;Kit de panelas
insumo_gerais;33.90.39;unidade;finalística;Pano de chão
insumo_gerais;00.00.00, 33.90.47;unidade;finalística;Pano de limpeza
insumo_gerais;00.00.00;unidade;finalística;Pano de prato
insumo_gerais;00.00.00, 33.90.61, 33.90.39;unidade;finalística;Papel A4
insumo_gerais;00.00.00;unidade;finalística;Papel absorvente
insumo_gerais;33.90.30;unidade;finalística;Papel grau cirúrgico
insumo_gerais;33.90.63, 00.00.00;unidade;finalística;Papel higiênico
insumo_gerais;00.00.00;unidade;finalística;Papel kraft
insumo_gerais;00.00.00, 00.00.00, 33.90.62;unidade;finalística;Papel-toalha
insumo_gerais;33.90.39;unidade;finalística;Paquímetro digital
insumo_gerais;33.90.39;unidade;finalística;Parafuso autoperfurante
insumo_gerais;33.90.39, 33.90.51;unidade;finalística;Parafuso
insumo_gerais;33.90.39;unidade;finalística;Passa-fio
insumo_gerais;00.00.00;unidade;finalística;Pasta organizadora
insumo_gerais;00.00.00;unidade;finalística;Pegador de alimentos
insumo_gerais;33.90.39;unidade;finalística;Perlon de malha
insumo_gerais;33.90.42;unidade;finalística;Pescado
insumo_gerais;33.90.39;unidade;finalística;Kit de pigmentos e batoques
insumo_gerais;00.00.00;unidade;finalística;Pinça de cozinha
insumo_gerais;33.90.30;unidade;finalística;Pincel
insumo_gerais;33.90.39;unidade;finalística;Pincel atômico
insumo_gerais;00.00.00;unidade;finalística;Pipeta plástica descartável
insumo_gerais;33.90.52;unidade;finalística;Piso cerâmico
insumo_gerais;33.90.39;unidade;finalística;Cola instantânea
insumo_gerais;33.90.39;unidade;finalística;Placa de MDF bilaminado
insumo_gerais;33.90.30;unidade;finalística;Placa de foam board
insumo_gerais;00.00.00;unidade;finalística;Placa para montagem de circuito
insumo_gerais;33.90.39;unidade;finalística;Plafon com soquete e27
insumo_gerais;33.90.42;unidade;finalística;Plaina manual
insumo_gerais;33.90.39;unidade;finalística;Plugue macho 10 a
insumo_gerais;33.90.39;unidade;finalística;Plugue macho 20 a
insumo_gerais;33.90.39;unidade;finalística;Porta-fusível solar
insumo_gerais;00.00.00;unidade;finalística;Pote para mantimentos
insumo_gerais;33.90.39;unidade;finalística;Interfone residencial
insumo_gerais;00.00.00;unidade;finalística;Pote plástico
insumo_gerais;33.90.39, 00.00.00, 33.90.58;unidade;finalística;Prancheta
insumo_gerais;00.00.00;unidade;finalística;Prato giratório para fotografia
insumo_gerais;33.90.58;unidade;finalística;Prato
insumo_gerais;00.00.00;unidade;finalística;Prato de exposição
insumo_gerais;33.90.50, 33.90.41;unidade;finalística;Prego
insumo_gerais;33.90.39;unidade;finalística;Prensa-cabo
insumo_gerais;00.00.00;unidade;finalística;Produto cenográfico
insumo_gerais;33.90.45;unidade;finalística;Produto de limpeza
insumo_gerais;33.90.39;unidade;finalística;Álcool
insumo_gerais;33.90.39;unidade;finalística;Projetor multimídia
insumo_gerais;33.90.39, 33.90.56;unidade;finalística;Quadro ou painel
insumo_gerais;00.00.00;unidade;finalística;Protetor solar
insumo_gerais;33.90.39;unidade;finalística;Prumo
insumo_gerais;00.00.00;unidade;finalística;Pulverizador manual
insumo_gerais;00.00.00;unidade;finalística;Púlpito
insumo_gerais;00.00.00;unidade;finalística;Quadro branco
insumo_gerais;33.90.39;unidade;finalística;Quadro de distribuição
insumo_gerais;33.90.39;unidade;finalística;Quadro de distribuição de sobrepor
insumo_gerais;33.90.39;unidade;finalística;Quadro de distribuição de embutir
insumo_gerais;33.90.39;unidade;finalística;Caixa para medidor de energia
insumo_gerais;00.00.00;unidade;finalística;Quebra-cabeça sensorial
insumo_gerais;00.00.00;unidade;finalística;Ralador ou zester
insumo_gerais;00.00.00;unidade;finalística;Rastelo
insumo_gerais;00.00.00;unidade;finalística;Tira reagente para glicemia
insumo_gerais;33.90.39;unidade;finalística;Reator eletromagnético para lâmpada fluorescente
insumo_gerais;33.90.39;unidade;finalística;Reator eletrônico para lâmpada fluorescente
insumo_gerais;00.00.00, 33.90.39;unidade;finalística;Regador
insumo_gerais;33.90.39;unidade;finalística;Registro de esfera soldável de PVC
insumo_gerais;33.90.39;unidade;finalística;Régua de alumínio
insumo_gerais;33.90.51;unidade;finalística;Rejunte
insumo_gerais;33.90.39;unidade;finalística;Relé de sobrecarga
insumo_gerais;33.90.39;unidade;finalística;Relé fotoelétrico normalmente aberto
insumo_gerais;33.90.39;unidade;finalística;Relé fotoelétrico normalmente fechado
insumo_gerais;00.00.00;unidade;finalística;Relé eletromecânico
insumo_gerais;33.90.30;unidade;finalística;Removedor de esmalte
insumo_gerais;00.00.00;unidade;finalística;Repelente
insumo_gerais;33.90.53;unidade;finalística;Revestimento cerâmico
insumo_gerais;00.00.00;unidade;finalística;Ring light de mesa
insumo_gerais;33.90.39;unidade;finalística;Rodízio giratório com trava
insumo_gerais;00.00.00;unidade;finalística;Rodo
insumo_gerais;33.90.39, 00.00.00;unidade;finalística;Fio de solda de estanho
insumo_gerais;00.00.00;unidade;finalística;Papel-manteiga
insumo_gerais;33.90.57;unidade;finalística;Rolo de pintura
insumo_gerais;00.00.00;unidade;finalística;Rolo posicionador para fisioterapia
insumo_gerais;00.00.00;unidade;finalística;Fita dupla face
insumo_gerais;00.00.00;unidade;finalística;Roteiro de atendimento
insumo_gerais;00.00.00;unidade;finalística;Roteiro de simulação
insumo_gerais;00.00.00;unidade;finalística;Sabonete líquido
insumo_gerais;00.00.00;unidade;finalística;Sabonete líquido antisséptico
insumo_gerais;00.00.00;unidade;finalística;Saca-rolhas
insumo_gerais;00.00.00, 33.90.64, 00.00.00;unidade;finalística;Saco de lixo
insumo_gerais;33.90.39;unidade;finalística;Sal marinho grosso
insumo_gerais;00.00.00;unidade;finalística;Saco plástico adesivado
insumo_gerais;33.90.39;unidade;finalística;Saco bordado
insumo_gerais;33.90.48;unidade;finalística;Sarrafo
insumo_gerais;00.00.00;unidade;finalística;Semente
insumo_gerais;33.90.41;unidade;finalística;Sensor de presença
insumo_gerais;33.90.39;unidade;finalística;Sensor de presença com soquete
insumo_gerais;33.90.39;unidade;finalística;Sensor de presença de embutir
insumo_gerais;33.90.39;unidade;finalística;Sensor de presença externo
insumo_gerais;00.00.00;unidade;finalística;Sensor de proximidade
insumo_gerais;33.90.39;unidade;finalística;Serra de fita
insumo_gerais;33.90.39, 33.90.40;unidade;finalística;Serrote
insumo_gerais;33.90.39;unidade;finalística;Serviço de manutenção de instrumentos
insumo_gerais;00.00.00;unidade;finalística;Soda cáustica
insumo_gerais;33.90.39, 00.00.00;unidade;finalística;Tela de sombreamento
insumo_gerais;33.90.39;unidade;finalística;Lâmpada fluorescente
insumo_gerais;33.90.39;unidade;finalística;Soquete de plástico e27
insumo_gerais;33.90.39;unidade;finalística;Soquete de porcelana e27
insumo_gerais;33.90.39;unidade;finalística;Soquete para lâmpada tubular t8
insumo_gerais;00.00.00;unidade;finalística;Soquete
insumo_gerais;33.90.39, 33.90.41;unidade;finalística;Spray massageador
insumo_gerais;33.90.39;unidade;finalística;String box CC
insumo_gerais;00.00.00;unidade;finalística;Substrato
insumo_gerais;00.00.00;unidade;finalística;Substrato orgânico
insumo_gerais;00.00.00;unidade;finalística;Sugador de solda
insumo_gerais;33.90.39;unidade;finalística;Suporte para almofada
insumo_gerais;00.00.00;unidade;finalística;Suporte para solda com lupa
insumo_gerais;33.90.39, 33.90.47, 00.00.00;unidade;finalística;Tábua de madeira
insumo_gerais;00.00.00, 33.90.45, 33.90.44;unidade;finalística;Tábua de corte
insumo_gerais;33.90.39;unidade;finalística;Tag
insumo_gerais;33.90.39;unidade;finalística;Talabarte de segurança
insumo_gerais;33.90.58;unidade;finalística;Talher
insumo_gerais;33.90.39;unidade;finalística;Tê de redução soldável de PVC
insumo_gerais;33.90.39;unidade;finalística;Tecido de linho
insumo_gerais;00.00.00;unidade;finalística;Teleprompter de mesa
insumo_gerais;33.90.39;unidade;finalística;Smart tv
insumo_gerais;33.90.43;unidade;finalística;Kit de temperos
insumo_gerais;00.00.00;unidade;finalística;Temporizador industrial
insumo_gerais;33.90.39;unidade;finalística;Terminal ilhós pré-isolado
insumo_gerais;33.90.39;unidade;finalística;Terminal olhal pré-isolado
insumo_gerais;33.90.39;unidade;finalística;Terminal pino pré-isolado
insumo_gerais;33.90.39;unidade;finalística;Terminal tubular de compressão
insumo_gerais;33.90.39;unidade;finalística;Aquecedor de cera
insumo_gerais;00.00.00;unidade;finalística;Termômetro clínico
insumo_gerais;00.00.00;unidade;finalística;Termômetro culinário
insumo_gerais;00.00.00;unidade;finalística;Termômetro digital
insumo_gerais;33.90.39;unidade;finalística;Terrômetro digital
insumo_gerais;33.90.39, 00.00.00;unidade;finalística;Tesoura
insumo_gerais;33.90.39;unidade;finalística;Tesoura de poda
insumo_gerais;33.90.30;unidade;finalística;Tesoura para unhas
insumo_gerais;33.90.39;unidade;finalística;Tesoura para artesanato
insumo_gerais;00.00.00;unidade;finalística;Tesoura de cozinha
insumo_gerais;00.00.00;unidade;finalística;Testador de tensão
insumo_gerais;00.00.00;unidade;finalística;Tigela para mistura
insumo_gerais;00.00.00, 33.90.43;unidade;finalística;Bacia
insumo_gerais;33.90.39;unidade;finalística;Tinta para impressora
insumo_gerais;00.00.00, 33.90.42;unidade;finalística;Toalha de banho
insumo_gerais;00.00.00;unidade;finalística;Toalha de mesa
insumo_gerais;33.90.39;unidade;finalística;Tomada 10 a
insumo_gerais;33.90.39;unidade;finalística;Tomada 20 a
insumo_gerais;00.00.00, 33.90.39;unidade;finalística;Tomada e interruptor
insumo_gerais;33.90.39;unidade;finalística;Torneira de PVC para jardim
insumo_gerais;33.90.39;serviço;finalística;Transporte
insumo_gerais;33.90.39;unidade;finalística;Mini-trave de futebol
insumo_gerais;00.00.00;unidade;finalística;Travesseiro para fisioterapia
insumo_gerais;00.00.00, 33.90.43;unidade;finalística;Travesseiro
insumo_gerais;00.00.00;unidade;finalística;Travesseiro para simulação
insumo_gerais;33.90.39, 00.00.00, 00.00.00;unidade;finalística;Trena
insumo_gerais;33.90.39;unidade;finalística;Banner de esquema tático
insumo_gerais;33.90.39;unidade;finalística;Trilha de estudo dirigida impressa
insumo_gerais;33.90.39;unidade;finalística;Trilho DIN
insumo_gerais;00.00.00;unidade;finalística;Tripé para celular
insumo_gerais;33.90.39;unidade;finalística;Tubo soldável de PVC
insumo_gerais;33.90.39;unidade;finalística;Tubo de cobre
insumo_gerais;33.90.39;unidade;finalística;União soldável de PVC com rosca
insumo_gerais;33.90.39;unidade;finalística;Uniforme de futebol
insumo_gerais;33.90.52;unidade;finalística;Kit de utensílios básicos
insumo_gerais;33.90.39;unidade;finalística;Vacuômetro digital
insumo_gerais;33.90.39;unidade;finalística;Válvula de retenção de PVC
insumo_gerais;33.90.41;unidade;finalística;Vareta de solda
insumo_gerais;33.90.39;unidade;finalística;Ventilador de teto
kit_participante;33.90.39, 33.90.46;unidade;finalística;Apontador
kit_participante;33.90.39;unidade;finalística;Apostila
kit_participante;33.90.30, 33.90.39, 33.90.39, 33.90.45;unidade;finalística;Borracha escolar
kit_participante;33.90.30, 33.90.39, 33.90.39, 33.90.48, 33.90.30;unidade;finalística;Caderno
kit_participante;33.90.39, 33.90.43, 33.90.30, 33.90.39, 33.90.30;unidade;finalística;Caneta esferográfica
kit_participante;33.90.39, 33.90.44;unidade;finalística;Copo
kit_participante;33.90.39;unidade;finalística;Ecobag
kit_participante;33.90.39, 33.90.41, 33.90.39;unidade;finalística;Estojo escolar
kit_participante;33.90.39;unidade;finalística;Garrafa para água
kit_participante;33.90.30, 33.90.39, 33.90.39, 33.90.42;unidade;finalística;Lápis grafite
kit_participante;33.90.39;unidade;finalística;Mochila
kit_participante;33.90.39, 33.90.40, 33.90.30, 33.90.30;unidade;finalística;Pasta
kit_trabalho;33.90.39;unidade;kit;Adubo
kit_trabalho;33.90.39;unidade;kit;Agulha
kit_trabalho;33.90.39;unidade;kit;Agulha de crochê
kit_trabalho;33.90.39;unidade;kit;Agulha de tapeçaria
kit_trabalho;33.90.30;unidade;kit;Algodão
kit_trabalho;33.90.39;unidade;kit;Tecido de algodão cru
kit_trabalho;33.90.30;unidade;kit;Alicate para unhas
kit_trabalho;00.00.00;unidade;kit;Alicate de corte isolado
kit_trabalho;00.00.00;unidade;kit;Alicate de corte ou universal isolado
kit_trabalho;00.00.00;unidade;kit;Alicate para cutícula
kit_trabalho;00.00.00;unidade;kit;Alicate universal isolado
kit_trabalho;33.90.39;unidade;kit;Almofada com palha de bananeira
kit_trabalho;33.90.39;unidade;kit;Argola para chaveiro
kit_trabalho;33.90.39;unidade;kit;Assadeira
kit_trabalho;00.00.00;unidade;kit;Avental ou jaleco
kit_trabalho;33.90.39;unidade;kit;Bacia
kit_trabalho;33.90.39;unidade;kit;Balança digital
kit_trabalho;33.90.39;unidade;kit;Bandeja
kit_trabalho;00.00.00;unidade;kit;Banner de divulgação
kit_trabalho;33.90.30;unidade;kit;Base para unhas
kit_trabalho;33.90.39;unidade;kit;Batedeira
kit_trabalho;33.90.39;unidade;kit;Bilro
kit_trabalho;00.00.00;unidade;kit;Bloco de anotações e caneta
kit_trabalho;00.00.00;unidade;kit;Bolsa ou maleta
kit_trabalho;33.90.39;unidade;kit;Botijão de gás
kit_trabalho;00.00.00;unidade;kit;Bowl de aço inox
kit_trabalho;00.00.00;unidade;kit;Cabo elétrico
kit_trabalho;00.00.00;unidade;kit;Caderno de anotações
kit_trabalho;33.90.39;unidade;kit;Caixa d'água
kit_trabalho;33.90.39;unidade;kit;Caixa organizadora
kit_trabalho;33.90.39;unidade;kit;Caixa plástica para transporte
kit_trabalho;00.00.00;unidade;kit;Camisa com proteção UV
kit_trabalho;00.00.00;unidade;kit;Caneta testadora de tensão
kit_trabalho;00.00.00;unidade;kit;Caneta e lápis
kit_trabalho;33.90.39;unidade;kit;Cartolina
kit_trabalho;33.90.39;unidade;kit;Cavadeira articulada
kit_trabalho;00.00.00;unidade;kit;Chave de fenda isolada
kit_trabalho;00.00.00;unidade;kit;Chave de teste de tensão
kit_trabalho;00.00.00;unidade;kit;Chave phillips isolada
kit_trabalho;33.90.39;unidade;kit;Colher de aço inox
kit_trabalho;00.00.00;unidade;kit;Computador
kit_trabalho;33.90.39;unidade;kit;Concha de aço inox
kit_trabalho;00.00.00;unidade;kit;Conector e terminal elétrico
kit_trabalho;00.00.00;unidade;kit;Conector elétrico
kit_trabalho;00.00.00;unidade;kit;Kit de ferramentas de jardinagem
kit_trabalho;33.90.39;unidade;kit;Conjunto de mesa e cadeira
kit_trabalho;00.00.00;unidade;kit;Conta-gotas
kit_trabalho;33.90.39;unidade;kit;Copo
kit_trabalho;00.00.00;unidade;kit;Corante e reagente
kit_trabalho;00.00.00;unidade;kit;Dispensador de álcool em gel
kit_trabalho;00.00.00, 33.90.39;unidade;kit;Enxada
kit_trabalho;33.90.39;unidade;kit;Enxadão
kit_trabalho;33.90.39;unidade;kit;Enxadinha tipo sacho
kit_trabalho;00.00.00;unidade;kit;Escova para limpeza de lâminas
kit_trabalho;33.90.30;unidade;kit;Esmalte para francesinha
kit_trabalho;33.90.30, 00.00.00;unidade;kit;Esmalte
kit_trabalho;00.00.00;unidade;kit;Espátula de silicone
kit_trabalho;00.00.00;unidade;kit;Espátula desencravadora
kit_trabalho;33.90.39;unidade;kit;Espinho de cacto
kit_trabalho;33.90.30;unidade;kit;Extra brilho para unhas
kit_trabalho;00.00.00, 33.90.39;unidade;kit;Facão
kit_trabalho;33.90.39;unidade;kit;Fibra siliconada para enchimento
kit_trabalho;33.90.39;unidade;kit;Fio de malha
kit_trabalho;33.90.39;unidade;kit;Fio náutico
kit_trabalho;00.00.00;unidade;kit;Fita isolante
kit_trabalho;00.00.00, 33.90.39;unidade;kit;Fita métrica
kit_trabalho;33.90.39;unidade;kit;Fogão industrial com forno
kit_trabalho;00.00.00;unidade;kit;Folder
kit_trabalho;00.00.00;unidade;kit;Forma de madeira
kit_trabalho;00.00.00;unidade;kit;Fouet de aço inox
kit_trabalho;33.90.39;unidade;kit;Freezer horizontal
kit_trabalho;33.90.39;unidade;kit;Frigideira
kit_trabalho;33.90.39;unidade;kit;Fritadeira elétrica industrial
kit_trabalho;33.90.39;unidade;kit;Furadeira
kit_trabalho;33.90.39;unidade;kit;Garrafa térmica
kit_trabalho;33.90.39;unidade;kit;Geladeira
kit_trabalho;33.90.39;unidade;kit;Grade de madeira
kit_trabalho;33.90.39;unidade;kit;Insumos para cozinha
kit_trabalho;00.00.00;unidade;kit;Jaleco de tecido
kit_trabalho;33.90.39;unidade;kit;Jarra
kit_trabalho;00.00.00, 33.90.39;unidade;kit;Kit de facas profissionais
kit_trabalho;00.00.00;unidade;kit;Jogo educativo
kit_trabalho;33.90.39;unidade;kit;Kit de ferramentas para horta
kit_trabalho;00.00.00;unidade;kit;Kit de primeiros socorros
kit_trabalho;33.90.39;unidade;kit;Kit de panelas
kit_trabalho;00.00.00;unidade;kit;Lâmina para microscopia
kit_trabalho;00.00.00;unidade;kit;Lamínula
kit_trabalho;00.00.00;unidade;kit;Lâmpada e soquete
kit_trabalho;00.00.00;unidade;kit;LED e resistor
kit_trabalho;33.90.39;unidade;kit;Linha Cléa
kit_trabalho;33.90.39;unidade;kit;Linha de costura
kit_trabalho;33.90.39;unidade;kit;Linha para máquina reta
kit_trabalho;33.90.39;unidade;kit;Linha para bordado
kit_trabalho;33.90.39;unidade;kit;Linha para máquina overlock
kit_trabalho;33.90.39;unidade;kit;Linha para acabamento
kit_trabalho;33.90.39;unidade;kit;Liquidificador industrial
kit_trabalho;00.00.00;unidade;kit;Livro de desenho ou atividades
kit_trabalho;33.90.30;unidade;kit;Lixa bloco para unhas
kit_trabalho;00.00.00;unidade;kit;Lixa para unhas
kit_trabalho;00.00.00;unidade;kit;Luva de limpeza
kit_trabalho;00.00.00;unidade;kit;Luva descartável
kit_trabalho;00.00.00;unidade;kit;Luva isolante
kit_trabalho;00.00.00;unidade;kit;Bolsa para ferramentas
kit_trabalho;00.00.00;unidade;kit;Bolsa para materiais
kit_trabalho;00.00.00;unidade;kit;Mangueira para irrigação
kit_trabalho;00.00.00;unidade;kit;Marcador de lâmina
kit_trabalho;00.00.00;unidade;kit;Máscara descartável
kit_trabalho;33.90.39;unidade;kit;Material para escalda-pés
kit_trabalho;33.90.39;unidade;kit;Forno micro-ondas
kit_trabalho;00.00.00;unidade;kit;Estojo para materiais
kit_trabalho;00.00.00;unidade;kit;Kit de ferramentas pequenas
kit_trabalho;33.90.39;unidade;kit;Pá de bico
kit_trabalho;00.00.00;unidade;kit;Muda florestal nativa
kit_trabalho;00.00.00;unidade;kit;Muda frutífera
kit_trabalho;00.00.00;unidade;kit;Multímetro
kit_trabalho;33.90.39;unidade;kit;Fio para amigurumi
kit_trabalho;00.00.00;unidade;kit;Óculos de proteção
kit_trabalho;33.90.30;unidade;kit;Óleo secante para unhas
kit_trabalho;33.90.39;unidade;kit;Olho com trava para amigurumi
kit_trabalho;00.00.00;unidade;kit;Palito de madeira
kit_trabalho;33.90.39;unidade;kit;Panela de pressão
kit_trabalho;00.00.00;unidade;kit;Luva
kit_trabalho;33.90.39;unidade;kit;Perlon de malha
kit_trabalho;33.90.39;unidade;kit;Pia industrial de aço inox
kit_trabalho;00.00.00;unidade;kit;Pipeta plástica
kit_trabalho;00.00.00;unidade;kit;Pisseta plástica
kit_trabalho;33.90.39;unidade;kit;Prato
kit_trabalho;33.90.39;unidade;kit;Regador
kit_trabalho;00.00.00;unidade;kit;Sabonete em barra ou álcool 70%
kit_trabalho;00.00.00;unidade;kit;Sabonete líquido
kit_trabalho;33.90.39;unidade;kit;Semente
kit_trabalho;00.00.00;unidade;kit;Semente de ciclo curto
kit_trabalho;33.90.39;unidade;kit;Suporte para almofada
kit_trabalho;33.90.39;unidade;kit;Tacho
kit_trabalho;33.90.39;unidade;kit;Talher de aço inox
kit_trabalho;33.90.39;unidade;kit;Tecido de linho
kit_trabalho;00.00.00;unidade;kit;Termômetro digital
kit_trabalho;33.90.39;unidade;kit;Tesoura
kit_trabalho;33.90.39;unidade;kit;Tesoura de poda
kit_trabalho;00.00.00;unidade;kit;Tesoura para unhas
kit_trabalho;00.00.00;unidade;kit;Toalha de mão
kit_trabalho;00.00.00;unidade;kit;Touca para cabelo
kit_trabalho;00.00.00;unidade;kit;Vaso plástico
kit_trabalho;33.90.39;unidade;kit;Xícara com pires
stage11;33.90.39;diária;finalística;Locação de veículo
stage11;33.90.39;hora;gestão;Apoio acadêmico
stage11;33.90.39;hora;gestão;Apoio administrativo
stage11;33.90.48;hora;gestão;Apoio às atividades acadêmicas e administrativas
stage11;33.90.39;hora;gestão;Apoio de secretaria
stage11;33.90.39;unidade;finalística;Combustível para deslocamento da equipe
stage11;44.90.52;unidade;estruturação;Veículo para gestão do projeto
stage11;33.90.39;hora;gestão;Assessor de articulação
stage11;33.90.39;unidade;gestão;Assistente de logística e patrimônio
stage11;33.90.39;unidade;gestão;Camiseta
stage11;33.90.39;hora;gestão;Apoio operacional
stage11;33.90.39;hora;gestão;Assessor operacional
stage11;33.90.39;hora;gestão;Assessor técnico
stage11;33.90.39;hora;gestão;Assessoria
stage11;33.90.39;hora;gestão;Assistente acadêmico
stage11;33.90.48;hora;gestão;Auxiliar administrativo
stage11;33.90.48;hora;gestão;Auxiliar de divulgação
stage11;33.90.48;hora;gestão;Auxiliar de seleção e egressos
stage11;33.90.48;hora;gestão;Auxiliar financeiro
stage11;33.90.39;hora;gestão;Auxiliar operacional
stage11;33.90.39;hora;gestão;Coordenador acadêmico adjunto
stage11;33.90.39;hora;gestão;Coordenador adjunto
stage11;33.90.39;hora;gestão;Coordenador de campo
stage11;33.90.48;hora;gestão;Coordenador de relacionamento
stage11;33.90.39;hora;gestão;Coordenador executivo
stage11;33.90.39, 33.90.48, 33.90.48;hora;gestão;Coordenador geral
stage11;33.90.39;hora;gestão;Coordenador institucional/mobilização
stage11;33.90.39;hora;gestão;Coordenador local
stage11;33.90.48, 33.90.39;hora;gestão;Coordenador pedagógico
stage11;33.90.39;hora;gestão;Coordenador regional
stage11;33.90.48;hora;gestão;Coordenador técnico
stage11;33.90.39;hora;gestão;Mobilizador social
stage11;33.90.39;hora;gestão;Monitor
stage11;33.90.39;hora;finalística;Motorista
stage11;33.90.39;unidade;gestão;Orientador acadêmico
stage11;33.90.39;unidade;finalística;Serviço de website e mídias sociais
stage11;33.90.39;hora;gestão;Supervisor local
stage11;33.90.48;hora;gestão;Coordenador adjunto orçamentário e financeiro
stage11;33.90.48;hora;gestão;Coordenador adjunto administrativo
stage11;33.90.48;hora;gestão;Coordenador adjunto de ensino
stage11;33.90.39;unidade;finalística;Design de identidade visual
stage11;33.90.39;diária;finalística;Diária para equipe de gestão
stage11;33.90.39;unidade;finalística;Kit de material de consumo
stage11;33.90.39;unidade;finalística;MobGov
stage11;33.90.48;hora;gestão;Orientador
stage11;33.90.39;unidade;gestão;Repasse fundação (DOA)
stage11;33.90.39;unidade;finalística;Serviço de comunicação
stage11;33.90.39;unidade;finalística;Serviço de desenvolvimento de website
stage11;33.90.39;unidade;finalística;Serviço de impressão de folder
stage11;33.90.39;unidade;finalística;Serviço de produção de banner
stage11;33.90.39;unidade;finalística;Serviço de produção de colete
stage11;33.90.39;unidade;finalística;Serviço de registro audiovisual
stage11;33.90.39;unidade;finalística;Serviço de transporte por aplicativo
stage11;33.90.39;hora;finalística;Serviço de website e mídias sociais
stage11;33.90.39;unidade;gestão;Serviços administrativos e financeiros
stage11;33.90.39;unidade;finalística;Serviço de identidade visual e comunicação
stage11;33.90.48;hora;gestão;Supervisor
stage12;33.90.39;diária;estruturação;Locação de veículo
stage12;44.90.52, 00.00.00;unidade;estruturação;Caixa de som amplificada
stage12;44.90.52;unidade;estruturação;Câmera 360°
stage12;44.90.52;unidade;estruturação;Câmera fotográfica
stage12;40.90.52;unidade;estruturação;Instrumento musical
stage12;44.90.52;unidade;estruturação;Equipamento para estruturação de espaço
stage12;44.90.52, 00.00.00;unidade;estruturação;Extensão e filtro de linha
stage12;44.90.52;unidade;estruturação;Kit portátil de som
stage12;44.90.52;unidade;estruturação;Mesa de som
stage12;44.90.52, 00.00.00;unidade;estruturação;Microfone sem fio
stage12;44.90.52, 00.00.00;unidade;estruturação;Notebook
stage12;44.90.52;unidade;estruturação;Carregador portátil
stage12;44.90.52, 00.00.00;unidade;estruturação;Projetor multimídia
stage12;44.90.52;unidade;estruturação;Smartphone
stage12;44.90.52, 00.00.00;unidade;estruturação;Tela de projeção
stage12;00.00.00;unidade;estruturação;Ar-condicionado split
stage12;00.00.00;unidade;estruturação;Cadeira universitária
stage12;33.90.39;unidade;estruturação;Carrilhão
stage12;33.90.39;unidade;estruturação;Clarinete
stage12;33.90.39;unidade;finalística;Combustível
stage12;33.90.39;unidade;estruturação;Contrabaixo acústico
stage12;33.90.39;unidade;estruturação;Flauta em dó
stage12;33.90.39;unidade;estruturação;Flauta transversal em sol
stage12;33.90.39;unidade;estruturação;Flautim
stage12;00.00.00;unidade;estruturação;Impressora multifuncional
stage12;33.90.39;unidade;estruturação;Locação de equipamento para curso
stage12;33.90.39, 40.90.52;unidade;estruturação;Locação de espaço para capacitação
stage12;33.90.39;unidade;estruturação;Locação de cozinha industrial
stage12;33.90.39;unidade;estruturação;Locação de campo de futebol
stage12;33.90.39;unidade;estruturação;Locação de equipamento audiovisual
stage12;33.90.39;unidade;finalística;Locação de veículo
stage12;00.00.00;unidade;estruturação;Mesa de apoio
stage12;33.90.39;unidade;estruturação;Pandeiro
stage12;33.90.39;unidade;estruturação;Requalificação de laboratório
stage12;00.00.00;unidade;estruturação;Roteador Wi-Fi
stage12;00.00.00;unidade;estruturação;Smart tv
stage12;33.90.39;unidade;estruturação;Triângulo musical
stage12;33.90.39;unidade;estruturação;Trombone
stage12;33.90.39;unidade;estruturação;Trompa
stage12;33.90.39;unidade;estruturação;Trompete
stage12;33.90.39;unidade;estruturação;Viola
stage12;33.90.39;unidade;estruturação;Violino
stage12;33.90.39;unidade;estruturação;Violoncelo
